Workbook

Sheet TEMPLATE RAB
A2: INGAT YA!
C3: RENCARA BIAYA ANGGARAN (RAB) EVENT
M4: NORMA BIAYA
A9: Selalu klik "Trust Workbook Link" jika muncul notifikasi tersebut diatas layar | C9: Event ID | E9: 244
A10: Hanya Cell warna putih yang perlu diinput ✅️ | C10: Kategori Event | E10: L2
A11: Cell warna Abu-Abu terkunci & tidak bisa diubah❌ | C11: Nama Kegiatan | E11: =IFERROR(VLOOKUP(E9,#REF!, 3, FALSE), "Data Tidak Ditemukan") -> Data Tidak Ditemukan
A12: Jika "Dropdown" pada cell tertentu tidak muncul semua list nya --> Resfresh laman 🔄️ | C12: Nama Training Support (TS) | E12: =IFERROR(VLOOKUP(E9,#REF!, 7, FALSE), "Data Tidak Ditemukan") -> Data Tidak Ditemukan
A13: Jika urgent perlu edit cell yang terkunci--> hubungi Koordinator TS dan konfirmasi ke Manager TCU Area | C13: Tanggal Kegiatan (kelas offline) | E13: 45961 | F13: s/d | G13: 45961
A14: Jika Nama Event dan Nama TS tidak ditemukan --> Request update Database Event ke Koordinator TS | C14: Akomodasi | E14: Tidak ditanggung penyelenggara
C15: Lokasi | E15: Jakarta
A16: ⭐Kolom Paket Biaya | C16: Indeks Lokasi | E16: Semarang (LA-3) | F16: =VLOOKUP(E16, 'INDEKS RAB'!$G$3:$H$13, 2, FALSE) -> 1
A17: Jika Paket Biaya yang diminta di FK/JK punya Norma Biaya --> Isi di tabel "PAKET BIAYA SESUAI NORMA BIAYA" | C17: Cost Center | E17: T752E25 | F17: =VLOOKUP(E17, 'COST CENTER & BEBAN ANGGARAN'!$B$4:$C$8, 2, FALSE) -> SoGTM
A18: Jika Paket Biaya yang diminta di FK/JK tidak punya Norma Biaya (Paket Custom) --> Input manual di tabel "PAKET BIAYA DILUAR NORMA BIAYA" | C18: Akun Beban Anggaran | E18: 51505007 | F18: =VLOOKUP(E18, 'COST CENTER & BEBAN ANGGARAN'!$E$4:$F$7, 2, FALSE) -> Beban Peralatan Diklat
A20: ⭐Kolom VOL/FREQ
A21: Paket Biaya dengan satuan bukan "Event" otomatis terisi "0" dan wajib input manual sesuai FK/JK. | C21: PAKET BIAYA STANDAR
A22: Paket Biaya dengan satuan "Event" otomatis terisi angka "1" dan tidak boleh diedit. | C22: Vendor | D22: Koperasi Konsumen Karyawan PT. Telkom Saraswati
C23: No | D23: Paket Biaya | E23: SATUAN | F23: QTY | G23: VOL/FREQ | H23: NORMA BIAYA | I23: HARGA FINAL | J23: TOTAL | K23: KETERANGAN
A24: ⭐Kolom HARGA FINAL | C24: 1 | D24: Training Kit (Note Book, Pena, Name Tag) | E24: =IFERROR( INDEX('NORMA BIAYA'!$O$8:$O$81, MATCH(D24, 'NORMA BIAYA'!$C$8:$C$81, 0) ), "" ) -> Pax | G24: =IF(D24="","",IF(E24 ="Event",1,0)) -> 0 | H24: {=IFERROR( INDEX('NORMA BIAYA'!$D$8:$N$81, MATCH(1,('NORMA BIAYA'!$B$8:$B$81=$E$10)*('NORMA BIAYA'!$C$8:$C$81=D24),0), MATCH($E$16,'NORMA BIAYA'!$D$6:$N$6,0) ), "" )} -> 50000 | J24: =IF(OR(F24="",G24="",I24=""),"",F24*G24*I24)
A25: Jika harga satuan di FK/JK lebih kecil atau sama dengan Norma Biaya => Input harga final sesuai FK/JK | C25: 2 | D25: Konsumsi (Makan 1x, Snack 2x) | E25: =IFERROR( INDEX('NORMA BIAYA'!$O$8:$O$81, MATCH(D25, 'NORMA BIAYA'!$C$8:$C$81, 0) ), "" ) -> Hari | G25: =IF(D25="","",IF(E25 ="Event",1,0)) -> 0 | H25: {=IFERROR( INDEX('NORMA BIAYA'!$D$8:$N$81, MATCH(1,('NORMA BIAYA'!$B$8:$B$81=$E$10)*('NORMA BIAYA'!$C$8:$C$81=D25),0), MATCH($E$16,'NORMA BIAYA'!$D$6:$N$6,0) ), "" )} -> 216000 | J25: =IF(OR(F25="",G25="",I25=""),"",F25*G25*I25)
A26: Jika harga satuan di FK/JK lebih besar dari Norma Biaya => Input harga final sesuai Norma Biaya | C26: 3 | D26: Akomodasi Hotel Fasilitator (2 org/kamar sd BP3 & 1 org/kamar BP2 & 1) | E26: =IFERROR( INDEX('NORMA BIAYA'!$O$8:$O$81, MATCH(D26, 'NORMA BIAYA'!$C$8:$C$81, 0) ), "" ) -> Hari | G26: =IF(D26="","",IF(E26 ="Event",1,0)) -> 0 | H26: {=IFERROR( INDEX('NORMA BIAYA'!$D$8:$N$81, MATCH(1,('NORMA BIAYA'!$B$8:$B$81=$E$10)*('NORMA BIAYA'!$C$8:$C$81=D26),0), MATCH($E$16,'NORMA BIAYA'!$D$6:$N$6,0) ), "" )} -> 960000 | J26: =IF(OR(F26="",G26="",I26=""),"",F26*G26*I26)
C27: 4 | D27: Akomodasi Hotel Peserta (R1& L1= 2 org/kamar, R2 & L2= 1 org/kamar) | E27: =IFERROR( INDEX('NORMA BIAYA'!$O$8:$O$81, MATCH(D27, 'NORMA BIAYA'!$C$8:$C$81, 0) ), "" ) -> Hari | G27: =IF(D27="","",IF(E27 ="Event",1,0)) -> 0 | H27: {=IFERROR( INDEX('NORMA BIAYA'!$D$8:$N$81, MATCH(1,('NORMA BIAYA'!$B$8:$B$81=$E$10)*('NORMA BIAYA'!$C$8:$C$81=D27),0), MATCH($E$16,'NORMA BIAYA'!$D$6:$N$6,0) ), "" )} -> 840000 | J27: =IF(OR(F27="",G27="",I27=""),"",F27*G27*I27)
A28: ⭐CELL VENDOR | C28: 7 | D28: Perlengkapan Kelas (Flipchart, Spidol, Baterai, Kertas, dll) | E28: =IFERROR( INDEX('NORMA BIAYA'!$O$8:$O$81, MATCH(D28, 'NORMA BIAYA'!$C$8:$C$81, 0) ), "" ) -> Event | G28: =IF(D28="","",IF(E28 ="Event",1,0)) -> 1 | H28: {=IFERROR( INDEX('NORMA BIAYA'!$D$8:$N$81, MATCH(1,('NORMA BIAYA'!$B$8:$B$81=$E$10)*('NORMA BIAYA'!$C$8:$C$81=D28),0), MATCH($E$16,'NORMA BIAYA'!$D$6:$N$6,0) ), "" )} -> 500000 | J28: =IF(OR(F28="",G28="",I28=""),"",F28*G28*I28)
A29: Input manual sesuai Vendor yang diminta pada FK/JK. | C29: 8 | D29: Alat dan Bahan untuk Praktikum/Game (Bila diperlukan) | E29: =IFERROR( INDEX('NORMA BIAYA'!$O$8:$O$81, MATCH(D29, 'NORMA BIAYA'!$C$8:$C$81, 0) ), "" ) -> Pax | G29: =IF(D29="","",IF(E29 ="Event",1,0)) -> 0 | H29: {=IFERROR( INDEX('NORMA BIAYA'!$D$8:$N$81, MATCH(1,('NORMA BIAYA'!$B$8:$B$81=$E$10)*('NORMA BIAYA'!$C$8:$C$81=D29),0), MATCH($E$16,'NORMA BIAYA'!$D$6:$N$6,0) ), "" )} -> 1800000 | J29: =IF(OR(F29="",G29="",I29=""),"",F29*G29*I29)
C30: 9 | D30: Learning Gift | E30: =IFERROR( INDEX('NORMA BIAYA'!$O$8:$O$81, MATCH(D30, 'NORMA BIAYA'!$C$8:$C$81, 0) ), "" ) -> Event | G30: =IF(D30="","",IF(E30 ="Event",1,0)) -> 1 | H30: {=IFERROR( INDEX('NORMA BIAYA'!$D$8:$N$81, MATCH(1,('NORMA BIAYA'!$B$8:$B$81=$E$10)*('NORMA BIAYA'!$C$8:$C$81=D30),0), MATCH($E$16,'NORMA BIAYA'!$D$6:$N$6,0) ), "" )} -> 1200000 | J30: =IF(OR(F30="",G30="",I30=""),"",F30*G30*I30)
C31: 10 | D31: Apresiasi (Best Participant) | E31: =IFERROR( INDEX('NORMA BIAYA'!$O$8:$O$81, MATCH(D31, 'NORMA BIAYA'!$C$8:$C$81, 0) ), "" ) -> Event | G31: =IF(D31="","",IF(E31 ="Event",1,0)) -> 1 | H31: {=IFERROR( INDEX('NORMA BIAYA'!$D$8:$N$81, MATCH(1,('NORMA BIAYA'!$B$8:$B$81=$E$10)*('NORMA BIAYA'!$C$8:$C$81=D31),0), MATCH($E$16,'NORMA BIAYA'!$D$6:$N$6,0) ), "" )} -> 3000000 | J31: =IF(OR(F31="",G31="",I31=""),"",F31*G31*I31)
C32: 11 | D32: Recording/Dokumentasi Event | E32: =IFERROR( INDEX('NORMA BIAYA'!$O$8:$O$81, MATCH(D32, 'NORMA BIAYA'!$C$8:$C$81, 0) ), "" ) -> Event | G32: =IF(D32="","",IF(E32 ="Event",1,0)) -> 1 | H32: {=IFERROR( INDEX('NORMA BIAYA'!$D$8:$N$81, MATCH(1,('NORMA BIAYA'!$B$8:$B$81=$E$10)*('NORMA BIAYA'!$C$8:$C$81=D32),0), MATCH($E$16,'NORMA BIAYA'!$D$6:$N$6,0) ), "" )} -> 1800000 | J32: =IF(OR(F32="",G32="",I32=""),"",F32*G32*I32)
A33: Cek ulang jika satuan paket biaya adalah "Event" = maka Vol/Freq nya wajib "1" | C33: 12 | D33: Kendaraan sewa utk ALP/Site Visit | E33: =IFERROR( INDEX('NORMA BIAYA'!$O$8:$O$81, MATCH(D33, 'NORMA BIAYA'!$C$8:$C$81, 0) ), "" ) -> Event | G33: =IF(D33="","",IF(E33 ="Event",1,0)) -> 1 | H33: {=IFERROR( INDEX('NORMA BIAYA'!$D$8:$N$81, MATCH(1,('NORMA BIAYA'!$B$8:$B$81=$E$10)*('NORMA BIAYA'!$C$8:$C$81=D33),0), MATCH($E$16,'NORMA BIAYA'!$D$6:$N$6,0) ), "" )} -> 4440000 | J33: =IF(OR(F33="",G33="",I33=""),"",F33*G33*I33)
C34: 13 | D34: Makan Malam Fasilitator | E34: =IFERROR( INDEX('NORMA BIAYA'!$O$8:$O$81, MATCH(D34, 'NORMA BIAYA'!$C$8:$C$81, 0) ), "" ) -> Hari | G34: =IF(D34="","",IF(E34 ="Event",1,0)) -> 0 | H34: {=IFERROR( INDEX('NORMA BIAYA'!$D$8:$N$81, MATCH(1,('NORMA BIAYA'!$B$8:$B$81=$E$10)*('NORMA BIAYA'!$C$8:$C$81=D34),0), MATCH($E$16,'NORMA BIAYA'!$D$6:$N$6,0) ), "" )} -> 180000 | J34: =IF(OR(F34="",G34="",I34=""),"",F34*G34*I34)
C35: 14 | D35: Makan Malam Peserta | E35: =IFERROR( INDEX('NORMA BIAYA'!$O$8:$O$81, MATCH(D35, 'NORMA BIAYA'!$C$8:$C$81, 0) ), "" ) -> Hari | G35: =IF(D35="","",IF(E35 ="Event",1,0)) -> 0 | H35: {=IFERROR( INDEX('NORMA BIAYA'!$D$8:$N$81, MATCH(1,('NORMA BIAYA'!$B$8:$B$81=$E$10)*('NORMA BIAYA'!$C$8:$C$81=D35),0), MATCH($E$16,'NORMA BIAYA'!$D$6:$N$6,0) ), "" )} -> 180000 | J35: =IF(OR(F35="",G35="",I35=""),"",F35*G35*I35)
C36: 15 | E36: =IFERROR( INDEX('NORMA BIAYA'!$O$8:$O$81, MATCH(D36, 'NORMA BIAYA'!$C$8:$C$81, 0) ), "" ) | G36: =IF(D36="","",IF(E36 ="Event",1,0)) | H36: {=IFERROR( INDEX(#REF!, MATCH(1,(#REF!=$E$10)*(#REF!=D36),0), MATCH($E$16,#REF!,0) ), "" )} | J36: =IF(OR(F36="",G36="",I36=""),"",F36*G36*I36)
I37: SUB TOTAL I | J37: =SUM(J24:J36) -> 0
C39: PAKET BIAYA TAMBAHAN
C40: Vendor
C41: No | D41: Paket Biaya | E41: SATUAN | F41: QTY | G41: VOL/FREQ | H41: HARGA FINAL | I41: TOTAL | J41: KETERANGAN
C42: 1 | D42: cetak sertifikat | I42: =IF(OR(F42="",G42="",H42=""),"",F42*G42*H42)
C43: 2 | I43: =IF(OR(F43="",G43="",H43=""),"",F43*G43*H43)
C44: 3 | I44: =IF(OR(F44="",G44="",H44=""),"",F44*G44*H44)
C45: 4 | I45: =IF(OR(F45="",G45="",H45=""),"",F45*G45*H45)
C46: 7 | I46: =IF(OR(F46="",G46="",H46=""),"",F46*G46*H46)
C47: 8 | I47: =IF(OR(F47="",G47="",H47=""),"",F47*G47*H47)
C48: 9 | I48: =IF(OR(F48="",G48="",H48=""),"",F48*G48*H48)
C49: 10 | I49: =IF(OR(F49="",G49="",H49=""),"",F49*G49*H49)
C50: 11 | I50: =IF(OR(F50="",G50="",H50=""),"",F50*G50*H50)
C51: 12 | I51: =IF(OR(F51="",G51="",H51=""),"",F51*G51*H51)
C52: 13 | I52: =IF(OR(F52="",G52="",H52=""),"",F52*G52*H52)
C53: 14 | I53: =IF(OR(F53="",G53="",H53=""),"",F53*G53*H53)
C54: 15 | I54: =IF(OR(F54="",G54="",H54=""),"",F54*G54*H54)
H55: SUB TOTAL II | I55: =SUM(I42:I54) -> 0
C57: TOTAL PENYELENGGARAAN | E57: =$E$11 -> Data Tidak Ditemukan | I57: =$J$37+$I$55 -> 0
C59: PAKET BIAYA AKOMODASI
C60: Vendor | D60: Hotel ....
C61: No | D61: Paket Biaya | E61: SATUAN | F61: QTY | G61: VOL/FREQ | H61: NORMA BIAYA | I61: HARGA FINAL | J61: TOTAL | K61: KETERANGAN
C62: 1 | D62: Akomodasi Hotel Peserta (R1& L1= 2 org/kamar, R2 & L2= 1 org/kamar) | E62: =IFERROR( INDEX('NORMA BIAYA'!$O$8:$O$81, MATCH(D62, 'NORMA BIAYA'!$C$8:$C$81, 0) ), "" ) -> Hari | G62: =IF(D62="","",IF(E62 ="Event",1,0)) -> 0 | H62: {=IFERROR( INDEX('NORMA BIAYA'!$D$8:$N$81, MATCH(1,('NORMA BIAYA'!$B$8:$B$81=$E$10)*('NORMA BIAYA'!$C$8:$C$81=D62),0), MATCH($E$16,'NORMA BIAYA'!$D$6:$N$6,0) ), "" )} -> 840000 | J62: =IF(OR(F62="",G62="",I62=""),"",F62*G62*I62)
C63: 2 | D63: Makan Malam Peserta | E63: =IFERROR( INDEX('NORMA BIAYA'!$O$8:$O$81, MATCH(D63, 'NORMA BIAYA'!$C$8:$C$81, 0) ), "" ) -> Hari | G63: =IF(D63="","",IF(E63 ="Event",1,0)) -> 0 | H63: {=IFERROR( INDEX('NORMA BIAYA'!$D$8:$N$81, MATCH(1,('NORMA BIAYA'!$B$8:$B$81=$E$10)*('NORMA BIAYA'!$C$8:$C$81=D63),0), MATCH($E$16,'NORMA BIAYA'!$D$6:$N$6,0) ), "" )} -> 180000 | J63: =IF(OR(F63="",G63="",I63=""),"",F63*G63*I63)
C64: 3 | D64: Akomodasi Hotel Fasilitator (2 org/kamar sd BP3 & 1 org/kamar BP2 & 1) | E64: =IFERROR( INDEX('NORMA BIAYA'!$O$8:$O$81, MATCH(D64, 'NORMA BIAYA'!$C$8:$C$81, 0) ), "" ) -> Hari | G64: =IF(D64="","",IF(E64 ="Event",1,0)) -> 0 | H64: {=IFERROR( INDEX('NORMA BIAYA'!$D$8:$N$81, MATCH(1,('NORMA BIAYA'!$B$8:$B$81=$E$10)*('NORMA BIAYA'!$C$8:$C$81=D64),0), MATCH($E$16,'NORMA BIAYA'!$D$6:$N$6,0) ), "" )} -> 960000 | J64: =IF(OR(F64="",G64="",I64=""),"",F64*G64*I64)
C65: 4 | D65: Makan Malam Fasilitator | E65: =IFERROR( INDEX('NORMA BIAYA'!$O$8:$O$81, MATCH(D65, 'NORMA BIAYA'!$C$8:$C$81, 0) ), "" ) -> Hari | G65: =IF(D65="","",IF(E65 ="Event",1,0)) -> 0 | H65: {=IFERROR( INDEX('NORMA BIAYA'!$D$8:$N$81, MATCH(1,('NORMA BIAYA'!$B$8:$B$81=$E$10)*('NORMA BIAYA'!$C$8:$C$81=D65),0), MATCH($E$16,'NORMA BIAYA'!$D$6:$N$6,0) ), "" )} -> 180000 | J65: =IF(OR(F65="",G65="",I65=""),"",F65*G65*I65)
I66: TOTAL | J66: =SUM(J62:J65) -> 0
C68: TOTAL AKOMODASI | E68: =$E$11 -> Data Tidak Ditemukan | I68: =J66 -> 0
C70: TOTAL RAB | E70: =$E$11 -> Data Tidak Ditemukan | I70: =I57+I68 -> 0

Sheet INDEKS RAB
C2: KODE | D2: LOKASI | E2: NILAI INDEKS | G2: LOKASI | H2: NILAI INDEKS
C3: LA-1 | D3: Sumatera | E3: 1.31 | G3: Sumatera (LA-1) | H3: 1.31
D4: Jakarta, DKI Jakarta | E4: 1.51 | G4: Jakarta (LA-1) | H4: 1.51
C5: LA-2 | D5: Bandung, Jawa Barat | E5: 1.28 | G5: Bandung (LA-2) | H5: 1.28
C6: LA-3 | D6: Semarang, Jawa Tengah | E6: 1 | G6: Semarang (LA-3) | H6: 1
D7: Surabaya, Jawa Timur | E7: 1.45 | G7: Surabaya (LA-3) | H7: 1.45
D8: Bali | E8: 1.45 | G8: Bali (LA-3) | H8: 1.45
D9: Nusa Tenggara | E9: 1.45 | G9: Nusa Tenggara (LA-3) | H9: 1.45
C10: LA-4 | D10: Kalimantan | E10: 1.25 | G10: Kalimantan (LA-4) | H10: 1.25
D11: Sulawesi | E11: 1.49 | G11: Sulawesi (LA-4) | H11: 1.49
D12: Maluku | E12: 1.49 | G12: Maluku (LA-4) | H12: 1.49
D13: Papua | E13: 1.49 | G13: Papua (LA-4) | H13: 1.49

Sheet COST CENTER & BEBAN ANGGARAN
B2: KODE ANGGARAN | E2: AKUN BEBAN ANGGARAN
B3: KODE | C3: Cost Center | E3: KODE | F3: NAMA AKUN
B4: T752E25 | C4: SoGTM | E4: 51505001 | F4: Beban Pelatihan Dalam Negeri
B5: T752F25 | C5: SoECT | E5: 51505007 | F5: Beban Peralatan Diklat
B6: T752G25 | C6: SoDSNP | E6: 51505015 | F6: Beban Pembekalan Purnabakti
B7: T752H25 | C7: SoDI | E7: 52100904 | F7: Beban Non Usaha
B8: T752K25 | C8: LIRF

Sheet NORMA BIAYA
B2: HARGA SATUAN MAKSIMAL RAB EVENT
B6: KATEGORI | C6: ITEM | D6: Sumatera (LA-1) | E6: Jakarta (LA-1) | F6: Bandung (LA-2) | G6: Semarang (LA-3) | H6: Surabaya (LA-3) | I6: Bali (LA-3) | J6: Nusa Tenggara (LA-3) | K6: Kalimantan (LA-4) | L6: Sulawesi (LA-4) | M6: Maluku (LA-4) | N6: Papua (LA-4) | O6: SATUAN | P6: VOL/FREQ
D7: 1.31 | E7: 1.51 | F7: 1.28 | G7: 1 | H7: 1.45 | I7: 1.45 | J7: 1.45 | K7: 1.25 | L7: 1.49 | M7: 1.49 | N7: 1.49 | AI7: Kelas | AJ7: 500
B8: R1 | C8: Training Kit (Note Book, Pena, Name Tag) | D8: 50000 | E8: 50000 | F8: 50000 | G8: 50000 | H8: 50000 | I8: 50000 | J8: 50000 | K8: 50000 | L8: 50000 | M8: 50000 | N8: 50000 | O8: Pax | P8: 0 | AI8: training | AJ8: 50
B9: R2 | C9: Training Kit (Note Book, Pena, Name Tag) | D9: 50000 | E9: =50000*E7 -> 75500 | F9: 50000 | G9: 50000 | H9: 50000 | I9: 50000 | J9: 50000 | K9: 50000 | L9: 50000 | M9: 50000 | N9: 50000 | O9: Pax | P9: 0
B10: L1 | C10: Training Kit (Note Book, Pena, Name Tag) | D10: 50000 | E10: 50000 | F10: 50000 | G10: 50000 | H10: 50000 | I10: 50000 | J10: 50000 | K10: 50000 | L10: 50000 | M10: 50000 | N10: 50000 | O10: Pax | P10: 0
B11: L2 | C11: Training Kit (Note Book, Pena, Name Tag) | D11: 50000 | E11: =50000*E7 -> 75500 | F11: 50000 | G11: 50000 | H11: 50000 | I11: 50000 | J11: 50000 | K11: 50000 | L11: 50000 | M11: 50000 | N11: 50000 | O11: Pax | P11: 0
D12: Sumatera (LA-1) | E12: Jakarta (LA-1) | F12: Bandung (LA-2) | G12: Semarang (LA-3) | H12: Surabaya (LA-3) | I12: Bali (LA-3) | J12: Nusa Tenggara (LA-3) | K12: Kalimantan (LA-4) | L12: Sulawesi (LA-4) | M12: Maluku (LA-4) | N12: Papua (LA-4)
B13: R1 | C13: Konsumsi (Makan 1x, Snack 2x) | D13: =120000*D7 -> 157200 | E13: =120000*E7 -> 181200 | F13: =120000*F7 -> 153600 | G13: =120000*G7 -> 120000 | H13: =120000*H7 -> 174000 | I13: =120000*I7 -> 174000 | J13: =120000*J7 -> 174000 | K13: =120000*K7 -> 150000 | ... N13: =120000*N7 -> 178800 | O13: Hari | P13: 0
B14: R2 | C14: Konsumsi (Makan 1x, Snack 2x) | D14: =180000*D7 -> 235800 | E14: =180000*E7 -> 271800 | F14: =180000*F7 -> 230400 | G14: =180000*G7 -> 180000 | H14: =180000*H7 -> 261000 | I14: =180000*I7 -> 261000 | J14: =180000*J7 -> 261000 | K14: =180000*K7 -> 225000 | ... N14: =180000*N7 -> 268200 | O14: Hari | P14: 0
B15: L1 | C15: Konsumsi (Makan 1x, Snack 2x) | D15: =180000*D7*80% -> 188640 | E15: =180000*E7*80% -> 217440 | F15: =180000*F7*80% -> 184320 | G15: =180000*G7*80% -> 144000 | H15: =180000*H7*80% -> 208800 | I15: =180000*I7*80% -> 208800 | J15: =180000*J7*80% -> 208800 | K15: =180000*K7*80% -> 180000 | ... N15: =180000*N7*80% -> 214560 | O15: Hari | P15: 0
B16: L2 | C16: Konsumsi (Makan 1x, Snack 2x) | D16: =180000*D7*120% -> 282960 | E16: =180000*E7*120% -> 326160 | F16: =180000*F7*120% -> 276480 | G16: =180000*G7*120% -> 216000 | H16: =180000*H7*120% -> 313200 | I16: =180000*I7*120% -> 313200 | J16: =180000*J7*120% -> 313200 | K16: =180000*K7*120% -> 270000 | ... N16: =180000*N7*120% -> 321840 | O16: Hari | P16: 0
D17: Sumatera (LA-1) | E17: Jakarta (LA-1) | F17: Bandung (LA-2) | G17: Semarang (LA-3) | H17: Surabaya (LA-3) | I17: Bali (LA-3) | J17: Nusa Tenggara (LA-3) | K17: Kalimantan (LA-4) | L17: Sulawesi (LA-4) | M17: Maluku (LA-4) | N17: Papua (LA-4)
B18: R1 | C18: Akomodasi Hotel Peserta (R1& L1= 2 org/kamar, R2 & L2= 1 org/kamar) | D18: =500000*D7 -> 655000 | E18: =500000*E7 -> 755000 | F18: =500000*F7 -> 640000 | G18: =500000*G7 -> 500000 | H18: =500000*H7 -> 725000 | I18: =500000*I7 -> 725000 | J18: =500000*J7 -> 725000 | K18: =500000*K7 -> 625000 | ... N18: =500000*N7 -> 745000 | O18: Hari | P18: 0
B19: R2 | C19: Akomodasi Hotel Peserta (R1& L1= 2 org/kamar, R2 & L2= 1 org/kamar) | D19: =700000*D7 -> 917000 | E19: =700000*E7 -> 1057000 | F19: =700000*F7 -> 896000 | G19: =700000*G7 -> 700000 | H19: =700000*H7 -> 1015000 | I19: =700000*I7 -> 1015000 | J19: =700000*J7 -> 1015000 | K19: =700000*K7 -> 875000 | ... N19: =700000*N7 -> 1043000 | O19: Hari | P19: 0
B20: L1 | C20: Akomodasi Hotel Peserta (R1& L1= 2 org/kamar, R2 & L2= 1 org/kamar) | D20: =700000*D7*80% -> 733600 | E20: =700000*E7*80% -> 845600 | F20: =700000*F7*80% -> 716800 | G20: =700000*G7*80% -> 560000 | H20: =700000*H7*80% -> 812000 | I20: =700000*I7*80% -> 812000 | J20: =700000*J7*80% -> 812000 | K20: =700000*K7*80% -> 700000 | ... N20: =700000*N7*80% -> 834400 | O20: Hari | P20: 0
B21: L2 | C21: Akomodasi Hotel Peserta (R1& L1= 2 org/kamar, R2 & L2= 1 org/kamar) | D21: =700000*D7*120% -> 1100400 | E21: =700000*E7*120% -> 1268400 | F21: =700000*F7*120% -> 1075200 | G21: =700000*G7*120% -> 840000 | H21: =700000*H7*120% -> 1218000 | I21: =700000*I7*120% -> 1218000 | J21: =700000*J7*120% -> 1218000 | K21: =700000*K7*120% -> 1050000 | ... N21: =700000*N7*120% -> 1251600 | O21: Hari | P21: 0
D22: Sumatera (LA-1) | E22: Jakarta (LA-1) | F22: Bandung (LA-2) | G22: Semarang (LA-3) | H22: Surabaya (LA-3) | I22: Bali (LA-3) | J22: Nusa Tenggara (LA-3) | K22: Kalimantan (LA-4) | L22: Sulawesi (LA-4) | M22: Maluku (LA-4) | N22: Papua (LA-4)
B23: R1 | C23: Makan Malam Fasilitator | D23: =100000*D7 -> 131000 | E23: =100000*E7 -> 151000 | F23: =100000*F7 -> 128000 | G23: =100000*G7 -> 100000 | H23: =100000*H7 -> 145000 | I23: =100000*I7 -> 145000 | J23: =100000*J7 -> 145000 | K23: =100000*K7 -> 125000 | ... N23: =100000*N7 -> 149000 | O23: Hari | P23: 0
B24: R2 | C24: Makan Malam Fasilitator | D24: =150000*D7 -> 196500 | E24: =150000*E7 -> 226500 | F24: =150000*F7 -> 192000 | G24: =150000*G7 -> 150000 | H24: =150000*H7 -> 217500 | I24: =150000*I7 -> 217500 | J24: =150000*J7 -> 217500 | K24: =150000*K7 -> 187500 | ... N24: =150000*N7 -> 223500 | O24: Hari | P24: 0
B25: L1 | C25: Makan Malam Fasilitator | D25: =150000*D7*80% -> 157200 | E25: =150000*E7*80% -> 181200 | F25: =150000*F7*80% -> 153600 | G25: =150000*G7*80% -> 120000 | H25: =150000*H7*80% -> 174000 | I25: =150000*I7*80% -> 174000 | J25: =150000*J7*80% -> 174000 | K25: =150000*K7*80% -> 150000 | ... N25: =150000*N7*80% -> 178800 | O25: Hari | P25: 0
B26: L2 | C26: Makan Malam Fasilitator | D26: =150000*D7*120% -> 235800 | E26: =150000*E7*120% -> 271800 | F26: =150000*F7*120% -> 230400 | G26: =150000*G7*120% -> 180000 | H26: =150000*H7*120% -> 261000 | I26: =150000*I7*120% -> 261000 | J26: =150000*J7*120% -> 261000 | K26: =150000*K7*120% -> 225000 | ... N26: =150000*N7*120% -> 268200 | O26: Hari | P26: 0
D27: Sumatera (LA-1) | E27: Jakarta (LA-1) | F27: Bandung (LA-2) | G27: Semarang (LA-3) | H27: Surabaya (LA-3) | I27: Bali (LA-3) | J27: Nusa Tenggara (LA-3) | K27: Kalimantan (LA-4) | L27: Sulawesi (LA-4) | M27: Maluku (LA-4) | N27: Papua (LA-4)
B28: R1 | C28: Goody Bag (Buku/Makanan Sehat/Oleh-oleh) | D28: =150000*D7 -> 196500 | E28: =150000*E7 -> 226500 | F28: =150000*F7 -> 192000 | G28: =150000*G7 -> 150000 | H28: =150000*H7 -> 217500 | I28: =150000*I7 -> 217500 | J28: =150000*J7 -> 217500 | K28: =150000*K7 -> 187500 | ... N28: =150000*N7 -> 223500 | O28: Pcs | P28: 0
B29: R2 | C29: Goody Bag (Buku/Makanan Sehat/Oleh-oleh) | D29: =200000*D7 -> 262000 | E29: =200000*E7 -> 302000 | F29: =200000*F7 -> 256000 | G29: =200000*G7 -> 200000 | H29: =200000*H7 -> 290000 | I29: =200000*I7 -> 290000 | J29: =200000*J7 -> 290000 | K29: =200000*K7 -> 250000 | ... N29: =200000*N7 -> 298000 | O29: Pcs | P29: 0
B30: L1 | C30: Goody Bag (Buku/Makanan Sehat/Oleh-oleh) | D30: =200000*D7*80% -> 209600 | E30: =200000*E7*80% -> 241600 | F30: =200000*F7*80% -> 204800 | G30: =200000*G7*80% -> 160000 | H30: =200000*H7*80% -> 232000 | I30: =200000*I7*80% -> 232000 | J30: =200000*J7*80% -> 232000 | K30: =200000*K7*80% -> 200000 | ... N30: =200000*N7*80% -> 238400 | O30: Pcs | P30: 0
B31: L2 | C31: Goody Bag (Buku/Makanan Sehat/Oleh-oleh) | D31: =200000*D7*120% -> 314400 | E31: =200000*E7*120% -> 362400 | F31: =200000*F7*120% -> 307200 | G31: =200000*G7*120% -> 240000 | H31: =200000*H7*120% -> 348000 | I31: =200000*I7*120% -> 348000 | J31: =200000*J7*120% -> 348000 | K31: =200000*K7*120% -> 300000 | ... N31: =200000*N7*120% -> 357600 | O31: Pcs | P31: 0
D32: Sumatera (LA-1) | E32: Jakarta (LA-1) | F32: Bandung (LA-2) | G32: Semarang (LA-3) | H32: Surabaya (LA-3) | I32: Bali (LA-3) | J32: Nusa Tenggara (LA-3) | K32: Kalimantan (LA-4) | L32: Sulawesi (LA-4) | M32: Maluku (LA-4) | N32: Papua (LA-4)
B33: R1 | C33: Akomodasi Hotel Fasilitator (2 org/kamar sd BP3 & 1 org/kamar BP2 & 1) | D33: =600000*D7 -> 786000 | E33: =600000*E7 -> 906000 | F33: =600000*F7 -> 768000 | G33: =600000*G7 -> 600000 | H33: =600000*H7 -> 870000 | I33: =600000*I7 -> 870000 | J33: =600000*J7 -> 870000 | K33: =600000*K7 -> 750000 | ... N33: =600000*N7 -> 894000 | O33: Hari | P33: 0
B34: R2 | C34: Akomodasi Hotel Fasilitator (2 org/kamar sd BP3 & 1 org/kamar BP2 & 1) | D34: =800000*D7 -> 1048000 | E34: =800000*E7 -> 1208000 | F34: =800000*F7 -> 1024000 | G34: =800000*G7 -> 800000 | H34: =800000*H7 -> 1160000 | I34: =800000*I7 -> 1160000 | J34: =800000*J7 -> 1160000 | K34: =800000*K7 -> 1000000 | ... N34: =800000*N7 -> 1192000 | O34: Hari | P34: 0
B35: L1 | C35: Akomodasi Hotel Fasilitator (2 org/kamar sd BP3 & 1 org/kamar BP2 & 1) | D35: =800000*D7*80% -> 838400 | E35: =800000*E7*80% -> 966400 | F35: =800000*F7*80% -> 819200 | G35: =800000*G7*80% -> 640000 | H35: =800000*H7*80% -> 928000 | I35: =800000*I7*80% -> 928000 | J35: =800000*J7*80% -> 928000 | K35: =800000*K7*80% -> 800000 | ... N35: =800000*N7*80% -> 953600 | O35: Hari | P35: 0
B36: L2 | C36: Akomodasi Hotel Fasilitator (2 org/kamar sd BP3 & 1 org/kamar BP2 & 1) | D36: =800000*D7*120% -> 1257600 | E36: =800000*E7*120% -> 1449600 | F36: =800000*F7*120% -> 1228800 | G36: =800000*G7*120% -> 960000 | H36: =800000*H7*120% -> 1392000 | I36: =800000*I7*120% -> 1392000 | J36: =800000*J7*120% -> 1392000 | K36: =800000*K7*120% -> 1200000 | ... N36: =800000*N7*120% -> 1430400 | O36: Hari | P36: 0
D37: Sumatera (LA-1) | E37: Jakarta (LA-1) | F37: Bandung (LA-2) | G37: Semarang (LA-3) | H37: Surabaya (LA-3) | I37: Bali (LA-3) | J37: Nusa Tenggara (LA-3) | K37: Kalimantan (LA-4) | L37: Sulawesi (LA-4) | M37: Maluku (LA-4) | N37: Papua (LA-4)
B38: R1 | C38: Perlengkapan Kelas (Flipchart, Spidol, Baterai, Kertas, dll) | D38: 500000 | E38: 500000 | F38: 500000 | G38: 500000 | H38: 500000 | I38: 500000 | J38: 500000 | K38: 500000 | L38: 500000 | M38: 500000 | N38: 500000 | O38: Event | P38: 1
B39: R2 | C39: Perlengkapan Kelas (Flipchart, Spidol, Baterai, Kertas, dll) | D39: 500000 | E39: =500000*E7 -> 755000 | F39: 500000 | G39: 500000 | H39: 500000 | I39: 500000 | J39: 500000 | K39: 500000 | L39: 500000 | M39: 500000 | N39: 500000 | O39: Event | P39: 1
B40: L1 | C40: Perlengkapan Kelas (Flipchart, Spidol, Baterai, Kertas, dll) | D40: 500000 | E40: 500000 | F40: 500000 | G40: 500000 | H40: 500000 | I40: 500000 | J40: 500000 | K40: 500000 | L40: 500000 | M40: 500000 | N40: 500000 | O40: Event | P40: 1
B41: L2 | C41: Perlengkapan Kelas (Flipchart, Spidol, Baterai, Kertas, dll) | D41: 500000 | E41: 500000 | F41: 500000 | G41: 500000 | H41: 500000 | I41: 500000 | J41: 500000 | K41: 500000 | L41: 500000 | M41: 500000 | N41: 500000 | O41: Event | P41: 1
D42: Sumatera (LA-1) | E42: Jakarta (LA-1) | F42: Bandung (LA-2) | G42: Semarang (LA-3) | H42: Surabaya (LA-3) | I42: Bali (LA-3) | J42: Nusa Tenggara (LA-3) | K42: Kalimantan (LA-4) | L42: Sulawesi (LA-4) | M42: Maluku (LA-4) | N42: Papua (LA-4)
B43: R1 | C43: Alat dan Bahan untuk Praktikum/Game (Bila diperlukan) | D43: =1500000*D7 -> 1965000 | E43: =1500000*E7 -> 2265000 | F43: =1500000*F7 -> 1920000 | G43: =1500000*G7 -> 1500000 | H43: =1500000*H7 -> 2175000 | I43: =1500000*I7 -> 2175000 | J43: =1500000*J7 -> 2175000 | K43: =1500000*K7 -> 1875000 | ... N43: =1500000*N7 -> 2235000 | O43: Pax | P43: 0
B44: R2 | C44: Alat dan Bahan untuk Praktikum/Game (Bila diperlukan) | D44: =1500000*D7 -> 1965000 | E44: =1500000*E7 -> 2265000 | F44: =1500000*F7 -> 1920000 | G44: =1500000*G7 -> 1500000 | H44: =1500000*H7 -> 2175000 | I44: =1500000*I7 -> 2175000 | J44: =1500000*J7 -> 2175000 | K44: =1500000*K7 -> 1875000 | ... N44: =1500000*N7 -> 2235000 | O44: Pax | P44: 0
B45: L1 | C45: Alat dan Bahan untuk Praktikum/Game (Bila diperlukan) | D45: =1500000*D7*80% -> 1572000 | E45: =1500000*E7*80% -> 1812000 | F45: =1500000*F7*80% -> 1536000 | G45: =1500000*G7*80% -> 1200000 | H45: =1500000*H7*80% -> 1740000 | I45: =1500000*I7*80% -> 1740000 | J45: =1500000*J7*80% -> 1740000 | K45: =1500000*K7*80% -> 1500000 | ... N45: =1500000*N7*80% -> 1788000 | O45: Pax | P45: 0
B46: L2 | C46: Alat dan Bahan untuk Praktikum/Game (Bila diperlukan) | D46: =1500000*D7*120% -> 2358000 | E46: =1500000*E7*120% -> 2718000 | F46: =1500000*F7*120% -> 2304000 | G46: =1500000*G7*120% -> 1800000 | H46: =1500000*H7*120% -> 2610000 | I46: =1500000*I7*120% -> 2610000 | J46: =1500000*J7*120% -> 2610000 | K46: =1500000*K7*120% -> 2250000 | ... N46: =1500000*N7*120% -> 2682000 | O46: Pax | P46: 0
D47: Sumatera (LA-1) | E47: Jakarta (LA-1) | F47: Bandung (LA-2) | G47: Semarang (LA-3) | H47: Surabaya (LA-3) | I47: Bali (LA-3) | J47: Nusa Tenggara (LA-3) | K47: Kalimantan (LA-4) | L47: Sulawesi (LA-4) | M47: Maluku (LA-4) | N47: Papua (LA-4)
B48: R1 | C48: Learning Gift | D48: =250000*D7 -> 327500 | E48: =250000*E7 -> 377500 | F48: =250000*F7 -> 320000 | G48: =250000*G7 -> 250000 | H48: =250000*H7 -> 362500 | I48: =250000*I7 -> 362500 | J48: =250000*J7 -> 362500 | K48: =250000*K7 -> 312500 | ... N48: =250000*N7 -> 372500 | O48: Event | P48: 1
B49: R2 | C49: Learning Gift | D49: =1000000*D7 -> 1310000 | E49: =1000000*E7 -> 1510000 | F49: =1000000*F7 -> 1280000 | G49: =1000000*G7 -> 1000000 | H49: =1000000*H7 -> 1450000 | I49: =1000000*I7 -> 1450000 | J49: =1000000*J7 -> 1450000 | K49: =1000000*K7 -> 1250000 | ... N49: =1000000*N7 -> 1490000 | O49: Event | P49: 1
B50: L1 | C50: Learning Gift | D50: =1000000*D7*80% -> 1048000 | E50: =1000000*E7*80% -> 1208000 | F50: =1000000*F7*80% -> 1024000 | G50: =1000000*G7*80% -> 800000 | H50: =1000000*H7*80% -> 1160000 | I50: =1000000*I7*80% -> 1160000 | J50: =1000000*J7*80% -> 1160000 | K50: =1000000*K7*80% -> 1000000 | ... N50: =1000000*N7*80% -> 1192000 | O50: Event | P50: 1
B51: L2 | C51: Learning Gift | D51: =1000000*D7*120% -> 1572000 | E51: =1000000*E7*120% -> 1812000 | F51: =1000000*F7*120% -> 1536000 | G51: =1000000*G7*120% -> 1200000 | H51: =1000000*H7*120% -> 1740000 | I51: =1000000*I7*120% -> 1740000 | J51: =1000000*J7*120% -> 1740000 | K51: =1000000*K7*120% -> 1500000 | ... N51: =1000000*N7*120% -> 1788000 | O51: Event | P51: 1
D52: Sumatera (LA-1) | E52: Jakarta (LA-1) | F52: Bandung (LA-2) | G52: Semarang (LA-3) | H52: Surabaya (LA-3) | I52: Bali (LA-3) | J52: Nusa Tenggara (LA-3) | K52: Kalimantan (LA-4) | L52: Sulawesi (LA-4) | M52: Maluku (LA-4) | N52: Papua (LA-4)
B53: R1 | C53: Apresiasi (Best Participant) | D53: =1500000*D7 -> 1965000 | E53: =1500000*E7 -> 2265000 | F53: =1500000*F7 -> 1920000 | G53: =1500000*G7 -> 1500000 | H53: =1500000*H7 -> 2175000 | I53: =1500000*I7 -> 2175000 | J53: =1500000*J7 -> 2175000 | K53: =1500000*K7 -> 1875000 | ... N53: =1500000*N7 -> 2235000 | O53: Event | P53: 1
B54: R2 | C54: Apresiasi (Best Participant) | D54: =2500000*D7 -> 3275000 | E54: =2500000*E7 -> 3775000 | F54: =2500000*F7 -> 3200000 | G54: =2500000*G7 -> 2500000 | H54: =2500000*H7 -> 3625000 | I54: =2500000*I7 -> 3625000 | J54: =2500000*J7 -> 3625000 | K54: =2500000*K7 -> 3125000 | ... N54: =2500000*N7 -> 3725000 | O54: Event | P54: 1
B55: L1 | C55: Apresiasi (Best Participant) | D55: =2500000*D7*80% -> 2620000 | E55: =2500000*E7*80% -> 3020000 | F55: =2500000*F7*80% -> 2560000 | G55: =2500000*G7*80% -> 2000000 | H55: =2500000*H7*80% -> 2900000 | I55: =2500000*I7*80% -> 2900000 | J55: =2500000*J7*80% -> 2900000 | K55: =2500000*K7*80% -> 2500000 | ... N55: =2500000*N7*80% -> 2980000 | O55: Event | P55: 1
B56: L2 | C56: Apresiasi (Best Participant) | D56: =2500000*D7*120% -> 3930000 | E56: =2500000*E7*120% -> 4530000 | F56: =2500000*F7*120% -> 3840000 | G56: =2500000*G7*120% -> 3000000 | H56: =2500000*H7*120% -> 4350000 | I56: =2500000*I7*120% -> 4350000 | J56: =2500000*J7*120% -> 4350000 | K56: =2500000*K7*120% -> 3750000 | ... N56: =2500000*N7*120% -> 4470000 | O56: Event | P56: 1
D57: Sumatera (LA-1) | E57: Jakarta (LA-1) | F57: Bandung (LA-2) | G57: Semarang (LA-3) | H57: Surabaya (LA-3) | I57: Bali (LA-3) | J57: Nusa Tenggara (LA-3) | K57: Kalimantan (LA-4) | L57: Sulawesi (LA-4) | M57: Maluku (LA-4) | N57: Papua (LA-4)
B58: R1 | C58: Setting Kelas dan Lembur MItra Non TS (Bila diperlukan) | D58: =300000*D7 -> 393000 | E58: =300000*E7 -> 453000 | F58: =300000*F7 -> 384000 | G58: =300000*G7 -> 300000 | H58: =300000*H7 -> 435000 | I58: =300000*I7 -> 435000 | J58: =300000*J7 -> 435000 | K58: =300000*K7 -> 375000 | ... N58: =300000*N7 -> 447000
B59: R2 | C59: Setting Kelas dan Lembur MItra Non TS (Bila diperlukan) | D59: =300000*D7 -> 393000 | E59: =300000*E7 -> 453000 | F59: =300000*F7 -> 384000 | G59: =300000*G7 -> 300000 | H59: =300000*H7 -> 435000 | I59: =300000*I7 -> 435000 | J59: =300000*J7 -> 435000 | K59: =300000*K7 -> 375000 | ... N59: =300000*N7 -> 447000
B60: L1 | C60: Setting Kelas dan Lembur MItra Non TS (Bila diperlukan) | D60: =300000*D7*80% -> 314400 | E60: =300000*E7*80% -> 362400 | F60: =300000*F7*80% -> 307200 | G60: =300000*G7*80% -> 240000 | H60: =300000*H7*80% -> 348000 | I60: =300000*I7*80% -> 348000 | J60: =300000*J7*80% -> 348000 | K60: =300000*K7*80% -> 300000 | ... N60: =300000*N7*80% -> 357600
B61: L2 | C61: Setting Kelas dan Lembur MItra Non TS (Bila diperlukan) | D61: =300000*D7*120% -> 471600 | E61: =300000*E7*120% -> 543600 | F61: =300000*F7*120% -> 460800 | G61: =300000*G7*120% -> 360000 | H61: =300000*H7*120% -> 522000 | I61: =300000*I7*120% -> 522000 | J61: =300000*J7*120% -> 522000 | K61: =300000*K7*120% -> 450000 | ... N61: =300000*N7*120% -> 536400
D62: Sumatera (LA-1) | E62: Jakarta (LA-1) | F62: Bandung (LA-2) | G62: Semarang (LA-3) | H62: Surabaya (LA-3) | I62: Bali (LA-3) | J62: Nusa Tenggara (LA-3) | K62: Kalimantan (LA-4) | L62: Sulawesi (LA-4) | M62: Maluku (LA-4) | N62: Papua (LA-4)
B63: R1 | C63: Setting Kelas dan Lembur TS (Bila diperlukan) | D63: =100000*D7 -> 131000 | E63: =100000*E7 -> 151000 | F63: =100000*F7 -> 128000 | G63: =100000*G7 -> 100000 | H63: =100000*H7 -> 145000 | I63: =100000*I7 -> 145000 | J63: =100000*J7 -> 145000 | K63: =100000*K7 -> 125000 | ... N63: =100000*N7 -> 149000
B64: R2 | C64: Setting Kelas dan Lembur TS (Bila diperlukan) | D64: =100000*D7 -> 131000 | E64: =100000*E7 -> 151000 | F64: =100000*F7 -> 128000 | G64: =100000*G7 -> 100000 | H64: =100000*H7 -> 145000 | I64: =100000*I7 -> 145000 | J64: =100000*J7 -> 145000 | K64: =100000*K7 -> 125000 | ... N64: =100000*N7 -> 149000
B65: L1 | C65: Setting Kelas dan Lembur TS (Bila diperlukan) | D65: =100000*D7*80% -> 104800 | E65: =100000*E7*80% -> 120800 | F65: =100000*F7*80% -> 102400 | G65: =100000*G7*80% -> 80000 | H65: =100000*H7*80% -> 116000 | I65: =100000*I7*80% -> 116000 | J65: =100000*J7*80% -> 116000 | K65: =100000*K7*80% -> 100000 | ... N65: =100000*N7*80% -> 119200
B66: L2 | C66: Setting Kelas dan Lembur TS (Bila diperlukan) | D66: =100000*D7*120% -> 157200 | E66: =100000*E7*120% -> 181200 | F66: =100000*F7*120% -> 153600 | G66: =100000*G7*120% -> 120000 | H66: =100000*H7*120% -> 174000 | I66: =100000*I7*120% -> 174000 | J66: =100000*J7*120% -> 174000 | K66: =100000*K7*120% -> 150000 | ... N66: =100000*N7*120% -> 178800
D67: Sumatera (LA-1) | E67: Jakarta (LA-1) | F67: Bandung (LA-2) | G67: Semarang (LA-3) | H67: Surabaya (LA-3) | I67: Bali (LA-3) | J67: Nusa Tenggara (LA-3) | K67: Kalimantan (LA-4) | L67: Sulawesi (LA-4) | M67: Maluku (LA-4) | N67: Papua (LA-4)
B68: R1 | C68: Recording/Dokumentasi Event | D68: =1500000*D7 -> 1965000 | E68: =1500000*E7 -> 2265000 | F68: =1500000*F7 -> 1920000 | G68: =1500000*G7 -> 1500000 | H68: =1500000*H7 -> 2175000 | I68: =1500000*I7 -> 2175000 | J68: =1500000*J7 -> 2175000 | K68: =1500000*K7 -> 1875000 | ... N68: =1500000*N7 -> 2235000 | O68: Event | P68: 1
B69: R2 | C69: Recording/Dokumentasi Event | D69: =1500000*D7 -> 1965000 | E69: =1500000*E7 -> 2265000 | F69: =1500000*F7 -> 1920000 | G69: =1500000*G7 -> 1500000 | H69: =1500000*H7 -> 2175000 | I69: =1500000*I7 -> 2175000 | J69: =1500000*J7 -> 2175000 | K69: =1500000*K7 -> 1875000 | ... N69: =1500000*N7 -> 2235000 | O69: Event | P69: 1
B70: L1 | C70: Recording/Dokumentasi Event | D70: =1500000*D7*80% -> 1572000 | E70: =1500000*E7*80% -> 1812000 | F70: =1500000*F7*80% -> 1536000 | G70: =1500000*G7*80% -> 1200000 | H70: =1500000*H7*80% -> 1740000 | I70: =1500000*I7*80% -> 1740000 | J70: =1500000*J7*80% -> 1740000 | K70: =1500000*K7*80% -> 1500000 | ... N70: =1500000*N7*80% -> 1788000 | O70: Event | P70: 1
B71: L2 | C71: Recording/Dokumentasi Event | D71: =1500000*D7*120% -> 2358000 | E71: =1500000*E7*120% -> 2718000 | F71: =1500000*F7*120% -> 2304000 | G71: =1500000*G7*120% -> 1800000 | H71: =1500000*H7*120% -> 2610000 | I71: =1500000*I7*120% -> 2610000 | J71: =1500000*J7*120% -> 2610000 | K71: =1500000*K7*120% -> 2250000 | ... N71: =1500000*N7*120% -> 2682000 | O71: Event | P71: 1
D72: Sumatera (LA-1) | E72: Jakarta (LA-1) | F72: Bandung (LA-2) | G72: Semarang (LA-3) | H72: Surabaya (LA-3) | I72: Bali (LA-3) | J72: Nusa Tenggara (LA-3) | K72: Kalimantan (LA-4) | L72: Sulawesi (LA-4) | M72: Maluku (LA-4) | N72: Papua (LA-4)
B73: R1 | C73: Kendaraan sewa utk ALP/Site Visit | D73: =3700000*D7 -> 4847000 | E73: =3700000*E7 -> 5587000 | F73: =3700000*F7 -> 4736000 | G73: =3700000*G7 -> 3700000 | H73: =3700000*H7 -> 5365000 | I73: =3700000*I7 -> 5365000 | J73: =3700000*J7 -> 5365000 | K73: =3700000*K7 -> 4625000 | ... N73: =3700000*N7 -> 5513000 | O73: Event | P73: 1
B74: R2 | C74: Kendaraan sewa utk ALP/Site Visit | D74: =3700000*D7 -> 4847000 | E74: =3700000*E7 -> 5587000 | F74: =3700000*F7 -> 4736000 | G74: =3700000*G7 -> 3700000 | H74: =3700000*H7 -> 5365000 | I74: =3700000*I7 -> 5365000 | J74: =3700000*J7 -> 5365000 | K74: =3700000*K7 -> 4625000 | ... N74: =3700000*N7 -> 5513000 | O74: Event | P74: 1
B75: L1 | C75: Kendaraan sewa utk ALP/Site Visit | D75: =3700000*D7*80% -> 3877600 | E75: =3700000*E7*80% -> 4469600 | F75: =3700000*F7*80% -> 3788800 | G75: =3700000*G7*80% -> 2960000 | H75: =3700000*H7*80% -> 4292000 | I75: =3700000*I7*80% -> 4292000 | J75: =3700000*J7*80% -> 4292000 | K75: =3700000*K7*80% -> 3700000 | ... N75: =3700000*N7*80% -> 4410400 | O75: Event | P75: 1
B76: L2 | C76: Kendaraan sewa utk ALP/Site Visit | D76: =3700000*D7*120% -> 5816400 | E76: =3700000*E7*120% -> 6704400 | F76: =3700000*F7*120% -> 5683200 | G76: =3700000*G7*120% -> 4440000 | H76: =3700000*H7*120% -> 6438000 | I76: =3700000*I7*120% -> 6438000 | J76: =3700000*J7*120% -> 6438000 | K76: =3700000*K7*120% -> 5550000 | ... N76: =3700000*N7*120% -> 6615600 | O76: Event | P76: 1
D77: Sumatera (LA-1) | E77: Jakarta (LA-1) | F77: Bandung (LA-2) | G77: =INDEX('[1]HARGA SATUAN MAX'!B67:N71, MATCH(#REF!, '[1]HARGA SATUAN MAX'!B67:B71, 0), MATCH(#REF!, '[1]HARGA SATUAN MAX'!B61:N61, 0)) -> #REF! | H77: Surabaya (LA-3) | I77: Bali (LA-3) | J77: Nusa Tenggara (LA-3) | K77: Kalimantan (LA-4) | L77: Sulawesi (LA-4) | M77: Maluku (LA-4) | N77: Papua (LA-4)
B78: R1 | C78: Makan Malam Peserta | D78: =100000*D7 -> 131000 | E78: =100000*E7 -> 151000 | F78: =100000*F7 -> 128000 | G78: =100000*G7 -> 100000 | H78: =100000*H7 -> 145000 | I78: =100000*I7 -> 145000 | J78: =100000*J7 -> 145000 | K78: =100000*K7 -> 125000 | ... N78: =100000*N7 -> 149000 | O78: Hari | P78: 0
B79: R2 | C79: Makan Malam Peserta | D79: =150000*D7 -> 196500 | E79: =150000*E7 -> 226500 | F79: =150000*F7 -> 192000 | G79: =150000*G7 -> 150000 | H79: =150000*H7 -> 217500 | I79: =150000*I7 -> 217500 | J79: =150000*J7 -> 217500 | K79: =150000*K7 -> 187500 | ... N79: =150000*N7 -> 223500 | O79: Hari | P79: 0
B80: L1 | C80: Makan Malam Peserta | D80: =150000*D7*80% -> 157200 | E80: =150000*E7*80% -> 181200 | F80: =150000*F7*80% -> 153600 | G80: =150000*G7*80% -> 120000 | H80: =150000*H7*80% -> 174000 | I80: =150000*I7*80% -> 174000 | J80: =150000*J7*80% -> 174000 | K80: =150000*K7*80% -> 150000 | ... N80: =150000*N7*80% -> 178800 | O80: Hari | P80: 0
B81: L2 | C81: Makan Malam Peserta | D81: =150000*D7*120% -> 235800 | E81: =150000*E7*120% -> 271800 | F81: =150000*F7*120% -> 230400 | G81: =150000*G7*120% -> 180000 | H81: =150000*H7*120% -> 261000 | I81: =150000*I7*120% -> 261000 | J81: =150000*J7*120% -> 261000 | K81: =150000*K7*120% -> 225000 | ... N81: =150000*N7*120% -> 268200 | O81: Hari | P81: 0
C87: Training Kit (Note Book, Pena, Name Tag)
C88: Konsumsi (Makan 1x, Snack 2x)
C89: Akomodasi Hotel Fasilitator (2 org/kamar sd BP3 & 1 org/kamar BP2 & 1)
C90: Akomodasi Hotel Peserta (R1& L1= 2 org/kamar, R2 & L2= 1 org/kamar)
C91: Perlengkapan Kelas (Flipchart, Spidol, Baterai, Kertas, dll)
C92: Alat dan Bahan untuk Praktikum/Game (Bila diperlukan)
C93: Learning Gift
C94: Apresiasi (Best Participant)
C95: Recording/Dokumentasi Event
C96: Kendaraan sewa utk ALP/Site Visit
C97: Makan Malam Fasilitator
C98: Makan Malam Peserta
C99: Goody Bag (Buku/Makanan Sehat/Oleh-oleh)
